date,Food,Housing,Transport,Health,Recreation,Misc,Headline
2006-01-01,1.128349788434413,3.795811518324599,5.138888888888893,2.409638554216853,-2.030456852791873,3.5409035409035283,2.171136653895278
2006-02-01,0.9803921568627194,3.790849673202623,4.264099037138913,2.269692923898514,-0.7142857142857117,3.5365853658536617,2.165605095541401
2006-03-01,-0.4166666666666652,3.9113428943937434,3.688524590163933,2.136181575433893,-1.4271151885830724,3.654080389768577,2.0304568527918843
2006-04-01,0.1400560224089631,4.263565891472854,4.483695652173925,2.652519893899208,-1.5228426395939132,3.995157384987902,2.275600505689024
2006-05-01,1.1142061281337101,4.774193548387107,4.172274562584133,2.9139072847682135,-1.527494908350302,3.9903264812575445,2.3929471032745564
2006-06-01,1.810584958217265,4.890604890604888,4.0322580645161255,2.645502645502651,-1.6309887869520812,4.347826086956541,2.644836272040285
2006-07-01,3.0985915492957705,5.006418485237463,3.416557161629452,2.3622047244094446,-1.3319672131147486,3.592814371257491,2.515723270440251
2006-08-01,3.2303370786516794,5.000000000000004,2.5974025974025983,2.6212319790301475,-0.92592592592593,3.703703703703698,2.634880803011286
2006-09-01,3.7921348314606806,4.987212276214814,0.5235602094240788,2.752293577981657,-0.9240246406570951,3.9379474940334003,2.50312891113893
2006-10-01,4.647887323943656,5.095541401273884,-0.5249343832021025,3.0065359477124076,-1.025641025641022,3.6817102137767233,2.499999999999991
2006-11-01,4.895104895104896,5.209656925031769,0.8000000000000007,3.0065359477124076,-0.7194244604316613,3.4360189573459543,2.750000000000008
2006-12-01,4.450625869262859,5.189873417721502,1.9920318725099584,3.815789473684217,-0.30800821355236874,3.3175355450236976,2.8642590286425795
2007-01-01,3.905160390516027,5.170239596469117,0.7926023778071167,3.790849673202623,-0.31088082901553626,3.0660377358490587,2.6249999999999885
2007-02-01,4.299583911234417,5.037783375314864,1.1873350923482962,3.655352480417773,-1.0277492291880796,3.5335689045936425,2.7431421446383997
2007-03-01,5.439330543933041,4.767879548306153,1.4492753623188248,3.6601307189542354,-0.5170630816959676,3.7602820211515953,2.985074626865658
2007-04-01,6.013986013986017,4.2131350681536395,1.3003901170351106,3.100775193798433,-0.8247422680412342,2.328288707799775,2.7194066749072876
2007-05-01,4.820936639118467,3.5714285714285587,2.3255813953488413,3.217503217503226,-0.7238883143743546,2.209302325581408,2.4600246002460135
2007-06-01,4.78796169630642,3.1901840490797584,2.9715762273901714,3.479381443298979,-1.0362694300518172,1.736111111111116,2.4539877300613577
2007-07-01,2.86885245901638,2.8117359413202925,2.414231257941535,3.4615384615384714,-1.349948078920038,1.8497109826589586,1.9631901840490684
2007-08-01,2.9931972789115635,2.93040293040292,2.5316455696202445,3.3205619412516096,-0.8307372793354029,1.0368663594470195,1.9559902200489088
2007-09-01,3.788903924221909,2.679658952496955,2.734375000000022,3.4438775510204023,-0.9326424870466421,0.9184845005740572,1.9536019536019467
2007-10-01,4.845222072678346,2.4242424242424176,5.013192612137196,3.2994923857868175,-0.8290155440414448,1.2600229095074633,2.195121951219514
2007-11-01,4.799999999999982,2.2946859903381744,5.555555555555558,3.0456852791878264,-0.9316770186335366,1.4891179839633395,2.311435523114347
2007-12-01,5.5925432756325,2.166064981949467,5.729166666666674,3.2953105196451116,-1.1328527291452062,1.83486238532109,2.3002421307506182
2008-01-01,6.174496644295302,2.1582733812949506,6.2909567496723495,3.148614609571787,-1.1434511434511574,1.4874141876430214,2.436053593179044
2008-02-01,5.585106382978733,3.237410071942426,6.127770534550203,3.148614609571787,-1.0384215991692591,1.2514220705347023,2.669902912621347
2008-03-01,5.555555555555558,3.3532934131736525,7.012987012987026,3.5308953341740112,-1.455301455301461,1.2457531143827971,2.5362318840579823
2008-04-01,6.596306068601576,3.8049940546967864,6.161745827984588,3.383458646616555,-0.9355509355509439,2.3890784982935065,3.0084235860409203
2008-05-01,8.015768725361383,4.042806183115344,6.186868686868685,2.9925187032418865,-0.7291666666666696,2.5028441410693825,3.361344537815114
2008-06-01,9.530026109660582,4.161712247324623,7.402760351317439,3.1133250311332406,0.10471204188480243,2.6166097838452806,3.7125748502993883
2008-07-01,12.350597609561742,4.399524375743158,8.312655086848642,3.3457249070631967,0.0,2.724177071509648,4.211793020457288
2008-08-01,13.210039630118885,4.982206405693956,7.777777777777772,3.213844252163156,-0.20942408376963817,3.420752565564422,4.436450839328532
2008-09-01,11.342894393741854,6.524317912218258,7.8580481622306575,2.959309494451312,0.313807531380772,3.2992036405005587,4.79041916167664
2008-10-01,10.141206675224645,6.627218934911228,4.396984924623126,2.7027027027026973,-0.2089864158829724,2.941176470588225,4.17661097852029
2008-11-01,10.687022900763377,6.493506493506485,1.3784461152882344,3.5714285714285587,-0.10449320794149175,3.1602708803611934,3.8049940546967864
2008-12-01,10.466582597730145,6.24263839811543,0.3694581280788034,2.208588957055202,-1.2500000000000067,2.4774774774774855,3.076923076923066
2009-01-01,10.240202275600518,5.98591549295775,-1.602959309494445,2.19780219780219,-0.525762355415349,2.931228861330326,2.9726516052318575
2009-02-01,11.586901763224166,4.878048780487809,-1.1056511056511176,2.4420024420024333,0.41972717733473885,3.0337078651685445,3.073286052009472
2009-03-01,10.526315789473696,4.2873696407879525,-1.8203883495145678,2.436053593179044,0.9493670886076,2.9082774049216997,2.8268551236749095
2009-04-01,8.663366336633672,3.3218785796105488,-0.6045949214026569,2.6666666666666616,0.6295907660021083,2.2222222222222143,2.219626168224309
2009-05-01,7.785888077858871,2.857142857142847,-0.8323424494649068,2.5423728813559476,0.9443861490031624,2.219755826859049,2.0905923344947785
2009-06-01,5.48271752085816,2.7397260273972712,-1.1682242990654235,2.5362318840579823,1.2552301255230214,1.9955654101995624,1.7321016166281789
2009-07-01,4.137115839243499,2.505694760820054,-1.4891179839633395,2.5179856115107757,2.1052631578947434,1.9889502762430844,1.616628175519641
2009-08-01,2.100350058343059,1.5819209039548143,0.0,2.8742514970059974,1.8887722980063026,1.8743109151047488,1.3777267508610747
2009-09-01,1.5222482435597096,0.11135857461026522,1.1750881316098694,3.113772455089814,1.564129301355588,1.982378854625555,0.9142857142857119
2009-10-01,2.2144522144522227,-0.4439511653718031,3.73044524669075,3.349282296650724,2.0942408376963373,1.318681318681314,1.2600229095074633
2009-11-01,1.379310344827589,-0.5543237250554278,7.169344870210126,2.6159334126040434,2.1966527196652708,0.9846827133479064,1.4891179839633395
2009-12-01,1.598173515981749,-0.77605321507761,8.711656441717786,3.1212484993997647,3.0590717299578074,1.8681318681318615,2.066590126291623
2010-01-01,1.83486238532109,-0.8859357696566983,10.902255639097746,3.823178016726403,3.594080338266381,2.0810514786418377,2.5404157043879882
2010-02-01,1.3544018058690765,-1.1074197120708784,10.559006211180133,3.45649582836709,2.4033437826541215,1.6357688113413316,2.064220183486243
2010-03-01,2.154195011337867,-0.7777777777777772,11.248454882571068,3.3293697978596937,2.612330198537105,1.521739130434785,2.4054982817869552
2010-04-01,2.9612756264236983,-0.8869179600886845,10.948905109489049,2.5974025974025983,2.3983315954118734,2.2826086956521774,2.742857142857158
2010-05-01,1.8058690744921169,-0.5555555555555536,10.071942446043147,2.5974025974025983,1.9750519750519668,2.28013029315961,2.5028441410693825
2010-06-01,1.9209039548022666,-0.5555555555555536,8.983451536643038,2.7090694935217874,1.7561983471074516,3.04347826086957,2.383654937570956
2010-07-01,3.4052213393870545,-0.4444444444444473,7.906976744186034,2.6900584795321647,1.3402061855670055,2.1668472372697645,2.2727272727272707
2010-08-01,4.228571428571426,-0.33370411568410807,7.560137457044691,2.7939464493597077,1.338825952626177,2.4891774891774965,2.3782559456398733
2010-09-01,5.190311418685112,-0.22246941045606095,5.458768873403019,2.671312427410011,0.924024640657084,2.5917926565874883,2.3782559456398733
2010-10-01,4.446978335233731,0.11148272017835748,5.8004640371229765,3.009259259259256,1.4358974358974486,3.0368763557483636,2.488687782805421
2010-11-01,5.555555555555536,0.33444816053511683,5.074971164936559,2.8968713789107703,1.0235414534288667,2.8169014084507227,2.5959367945824097
2010-12-01,6.17977528089888,1.0055865921787754,6.546275395033874,3.2596041909196627,1.4329580348003912,2.8047464940668787,3.149606299212593
2011-01-01,6.4189189189189255,1.3407821229050265,7.796610169491536,2.7617951668584384,1.0204081632652962,2.0386266094420513,3.378378378378377
2011-02-01,6.23608017817372,1.6797312430011146,8.089887640449444,2.6497695852534475,1.2244897959183598,2.682403433476388,3.707865168539315
2011-03-01,4.550499445061051,2.015677491601342,8.111111111111114,3.2220943613348707,0.6109979633401208,2.569593147751603,3.579418344519003
2011-04-01,4.31415929203538,2.237136465324374,9.64912280701753,4.027617951668594,0.8146639511201537,2.0191285866099973,3.781979977753047
2011-05-01,5.986696230598665,2.2346368715083775,8.169934640522868,3.9125431530494748,0.8154943934760572,2.547770700636942,3.7735849056603765
2011-06-01,6.984478935698446,2.346368715083802,7.917570498915394,3.5550458715596367,-0.5076142131979711,1.8987341772151778,3.658536585365857
2011-07-01,6.147091108671798,2.34375,7.758620689655182,3.4168564920273425,-0.3051881993896166,2.757158006362692,3.8888888888888973
2011-08-01,6.25,2.6785714285714413,7.561235356762497,3.28425821064553,-0.8130081300813163,2.6399155227032844,3.8716814159291957
2011-09-01,6.469298245614019,3.9018952062430223,8.920704845814997,3.5067873303167296,-0.6103763987792443,2.3157894736842044,4.535398230088483
2011-10-01,5.021834061135388,4.120267260579058,7.785087719298245,2.921348314606731,-0.5055611729019249,2.7368421052631486,4.304635761589415
2011-11-01,3.9742212674543476,4.0000000000000036,7.2447859495060385,3.2657657657657824,-0.6079027355623157,2.8451001053740654,4.180418041804179
2011-12-01,3.809523809523796,3.761061946902644,5.826271186440679,3.1567080045095786,-0.7063572149343944,2.7282266526757804,3.598691384950925
2012-01-01,3.4920634920634797,3.528114663726578,3.98322851153039,3.2474804031354942,-0.7070707070707116,2.8391167192429068,3.1590413943355156
2012-02-01,3.7735849056603765,3.4140969162995694,3.7422037422037313,3.5914702581369307,-1.008064516129037,2.8213166144200663,3.1419284940411796
2012-03-01,4.564755838641177,3.073545554335899,3.391572456320646,2.7870680044593144,-0.6072874493927016,2.713987473903967,3.0237580993520696
2012-04-01,4.347826086956541,3.1728665207877427,1.8000000000000016,3.207964601769908,-0.40404040404040664,2.604166666666674,2.786709539121124
2012-05-01,3.2426778242677923,3.1693989071038375,1.7119838872104776,3.2115171650055396,-0.7077856420626971,2.0703933747411973,2.566844919786093
2012-06-01,2.1761658031087983,3.0567685589519833,1.005025125628145,3.6544850498338777,0.3061224489795844,1.7598343685300222,2.2459893048128343
2012-07-01,2.171664943123064,3.1624863685932203,1.4000000000000012,3.083700440528636,0.40816326530612734,1.5479876160990669,2.352941176470602
2012-08-01,2.1671826625387025,2.934782608695663,1.6831683168316847,2.631578947368407,0.6147540983606703,1.5432098765432167,2.342917997870053
2012-09-01,1.9567456230690006,1.8240343347639465,2.628918099089983,2.5136612021857907,1.1258955987717423,2.160493827160481,2.0105820105820182
2012-10-01,3.4303534303534278,1.497326203208571,3.15361139369279,2.510917030567694,0.8130081300812941,1.8442622950819887,2.4338624338624326
2012-11-01,3.9256198347107363,1.7094017094017255,2.763561924257929,2.5081788440566966,1.0193679918450549,2.1516393442623016,2.428722280887019
2012-12-01,3.771661569826712,2.3454157782516027,1.2012012012011963,2.732240437158473,0.7113821138211351,1.9407558733401276,2.421052631578946
2013-01-01,4.192229038854811,2.2364217252396124,1.2096774193548487,2.1691973969631295,0.7121057985757906,1.3292433537832382,2.428722280887019
2013-02-01,3.6363636363636376,2.4494142705005384,1.8036072144288484,2.0585048754062862,1.323828920570258,0.8130081300812941,2.4159663865546133
2013-03-01,3.654822335025365,2.555910543130979,1.5904572564612307,2.4945770065075923,1.8329938900203624,1.0162601626016343,2.515723270440251
2013-04-01,4.57317073170731,2.4390243902439046,-0.19646365422396617,2.3579849946409492,1.4198782961460488,1.1167512690355208,2.1897810218977964
2013-05-01,4.255319148936176,2.330508474576254,0.990099009900991,2.467811158798283,1.527494908350313,0.9127789046653234,2.3983315954118734
2013-06-01,3.7525354969573987,2.4364406779660897,1.5920398009950265,1.9230769230769384,1.2207527975584886,1.4242115971515812,2.5104602510460206
2013-07-01,3.8461538461538325,2.4312896405919826,1.6765285996055201,2.564102564102577,0.7113821138211351,1.4227642276422703,2.4033437826541215
2013-08-01,4.141414141414135,2.428722280887019,1.3631937682570427,2.77777777777779,0.9164969450101701,1.2158054711246313,2.393340270551514
2013-09-01,4.2424242424242475,2.212855637513167,1.0837438423645374,2.771855010660995,0.9109311740890691,0.9063444108761365,2.385892116182564
2013-10-01,3.8190954773869246,2.3182297154899834,-0.39447731755424265,2.555910543130979,0.6048387096774244,0.6036217303822866,2.066115702479343
2013-11-01,2.7833001988071704,2.1008403361344463,0.09960159362549792,2.4468085106382986,1.2108980827447047,0.5015045135406293,1.855670103092777
2013-12-01,1.9646365422396839,2.1874999999999867,0.3956478733926794,2.4468085106382986,0.8072653884964698,0.20040080160321772,1.9527235354573458
2014-01-01,1.9627085377821318,2.083333333333326,0.4980079681274896,2.866242038216571,0.40404040404040664,0.7063572149344166,1.7525773195876226
2014-02-01,1.7543859649122862,1.9750519750519668,-0.393700787401563,3.397027600849256,0.7035175879396949,0.9072580645161255,1.6410256410256396
2014-03-01,1.7629774730656411,1.869158878504673,-0.9784735812133127,3.1746031746031855,0.6000000000000005,1.0060362173038184,1.5337423312883347
2014-04-01,0.4859086491739495,1.9668737060041463,1.476377952755903,2.8272251308900653,0.49999999999998934,0.40160642570281624,1.6326530612244872
2014-05-01,-0.6802721088435382,2.0703933747411973,0.39215686274509665,2.9319371727748678,1.2036108324974926,0.3015075376884502,1.4256619144602745
2014-06-01,0.09775171065493637,1.9648397104446547,0.8814887365328206,3.039832285115285,1.306532663316573,0.0,1.8367346938775508
2014-07-01,-0.3898635477582735,2.063983488132104,1.1639185257032114,2.604166666666674,1.5136226034308864,-0.501002004008011,1.6326530612244872
2014-08-01,-1.066925315227929,2.0618556701030855,1.056676272814605,2.8066528066527985,1.4127144298688332,-0.4004004004004025,1.5243902439024293
2014-09-01,-1.3565891472868241,2.1649484536082397,0.0,2.385892116182564,0.7021063189568633,-0.3992015968063978,1.317122593718345
2014-10-01,-1.3552758954501365,2.162718846549949,0.4950495049504955,2.180685358255463,1.102204408817653,-0.30000000000000027,1.3157894736842035
2014-11-01,-1.6441005802707909,2.160493827160481,-0.19900497512438386,1.9730010384215957,0.3988035892322994,-0.698602794411185,1.1133603238866474
2014-12-01,-1.7341040462427681,1.3251783893985847,-1.379310344827589,2.0768431983385183,0.6006006006005871,-0.5999999999999894,0.7056451612903247
2015-01-01,-2.5024061597690217,1.4285714285714235,-2.7750247770069514,2.1671826625387025,0.1006036217303663,-0.4008016032064021,0.5065856129685908
2015-02-01,-3.256704980842917,1.4271151885830946,-2.667984189723327,1.7453798767967044,-0.698602794411185,-0.4995004995005048,0.4036326942482349
2015-03-01,-2.887391722810395,1.3251783893985847,-1.9762845849802368,2.051282051282044,-0.6958250497017815,-0.5976095617529986,0.302114803625364
2015-04-01,-2.8046421663442955,1.2182741116751217,-2.7158098933074637,2.0366598778004175,-0.3980099502487566,-0.20000000000000018,0.3012048192771122
2015-05-01,-1.7612524461839474,1.2170385395537497,-1.46484375,2.238046795523907,-0.8919722497522375,-0.2004008016032066,0.5020080321285203
2015-06-01,-2.246093750000011,1.3184584178498993,-1.747572815533982,1.6276703967446737,-0.8928571428571397,0.10030090270811698,0.30060120240480437
2015-07-01,-2.641878669275932,1.2133468149645887,-1.821668264621279,2.3350253807106647,-0.497017892644136,0.6042296072507725,0.40160642570281624
2015-08-01,-2.450980392156865,1.21212121212122,-2.471482889733845,1.8200202224469164,-0.7960199004975133,0.7035175879396949,0.4004004004003914
2015-09-01,-2.259332023575633,1.1099899091826515,-2.631578947368407,2.0263424518743633,-0.5976095617529986,0.5010020040080221,0.20000000000000018
2015-10-01,-2.7477919528950068,1.2096774193548487,-2.6600985221674867,1.6260162601625883,-0.29732408325074955,0.7021063189568633,0.19980019980019303
2015-11-01,-2.4582104228121904,1.2084592145015227,-2.093718843469583,1.6293279022403295,-0.09930486593844323,1.2060301507537785,0.4004004004003914
2015-12-01,-2.941176470588236,1.2072434607645732,-0.09990009990009652,1.5259409969481164,-0.19900497512438386,1.106639839034207,0.5005005005005003
2016-01-01,-2.566633761105619,1.4084507042253502,-0.5096839959225274,2.2222222222222143,0.0,1.3078470824949617,0.7056451612903247
2016-02-01,-2.17821782178218,1.306532663316573,-1.0152284263959421,2.1190716448032276,-0.10050251256280562,1.1044176706827447,0.6030150753768782
2016-03-01,-2.7750247770069514,1.5090543259557387,-0.10080645161291146,1.9095477386934734,-0.10010010010010895,0.9018036072144353,0.8032128514056325
2016-04-01,-2.487562189054726,1.5045135406218657,-1.2961116650049842,2.095808383233533,0.4995004995004937,0.9018036072144353,0.700700700700696
2016-05-01,-2.788844621513953,1.603206412825653,-0.9910802775024763,1.990049751243772,0.20000000000000018,1.2048192771084265,0.6993006993007089
2016-06-01,-2.897102897102888,1.7017017017016967,-0.29644268774703386,2.7027027027026973,0.9009009009008917,1.102204408817653,0.899100899100902
2016-07-01,-2.613065326633157,1.598401598401611,0.09765625,1.8849206349206504,0.5994005994006013,0.9009009009008917,0.9000000000000119
2016-08-01,-2.2110552763819125,1.6966067864271572,0.6822612085769952,2.0854021847070525,0.8024072216650024,0.7984031936127733,0.8973080757726848
2016-09-01,-2.311557788944718,1.7964071856287456,1.2012012012011963,2.3833167825223267,0.8016032064128265,1.1964107676969205,1.2974051896207595
2016-10-01,-2.4217961654893982,1.8924302788844605,2.327935222672073,2.0000000000000018,0.19880715705766772,1.0956175298804771,1.2961116650049842
2016-11-01,-2.116935483870974,1.8905472636816079,2.647657841140516,2.3046092184368705,0.6958250497017815,0.9930486593842991,1.495513459621134
2016-12-01,-1.1111111111111072,1.988071570576544,3.600000000000003,2.505010020040088,0.8973080757726848,0.995024875621886,1.7928286852589626
2017-01-01,-0.5065856129685908,1.984126984126977,5.327868852459017,1.8774703557312256,1.005025125628145,0.893743793445867,1.9019019019018923
2017-02-01,0.2024291497975783,1.984126984126977,6.666666666666665,2.2727272727272707,1.609657947686105,1.1916583912611856,2.29770229770232
2017-03-01,1.2232415902140747,1.9821605550049526,4.439959636730584,2.071005917159763,1.603206412825653,1.7874875868917561,2.290836653386452
2017-04-01,1.5306122448979664,2.1739130434782705,6.161616161616146,2.1505376344086002,0.994035785288272,1.688182720953324,2.5844930417495027
2017-05-01,2.049180327868849,2.268244575936884,4.404404404404394,2.2439024390243922,2.2954091816367317,1.7857142857142794,2.6785714285714413
2017-06-01,2.366255144032925,2.0669291338582862,3.468780971258667,2.3391812865497075,1.5873015873016039,1.7839444995044529,2.4752475247524774
2017-07-01,2.579979360165119,2.163225172074723,2.9268292682926855,2.5316455696202445,1.5888778550148919,1.8849206349206504,2.5768087215064295
2017-08-01,2.261048304213764,2.158979391560334,3.0977734753146136,2.4319066147859836,1.8905472636816079,1.980198019801982,2.7667984189723382
2017-09-01,3.189300411522633,2.1568627450980316,3.956478733926816,2.2308438409311515,2.5844930417495027,1.4778325123152802,2.758620689655178
2017-10-01,4.033092037228525,1.9550342130987275,3.7586547972304762,3.3333333333333437,2.876984126984139,0.9852216748768461,2.755905511811041
2017-11-01,4.11946446961895,1.953125,4.166666666666674,3.2321253672869865,3.1589338598223105,0.5899705014749124,2.8487229862475427
2017-12-01,4.085801838610825,1.85185185185186,3.6679536679536717,3.128054740957964,2.8656126482213384,0.7881773399014858,2.739726027397249
2018-01-01,3.665987780040725,1.7509727626459082,3.30739299610896,2.9097963142580063,3.383084577114426,0.6889763779527547,2.6522593320235766
2018-02-01,2.929292929292937,1.7509727626459082,2.6923076923076827,2.60869565217392,3.069306930693072,0.7850834151128527,2.44140625
2018-03-01,3.0211480362537735,1.7492711370262315,2.898550724637672,2.70531400966183,3.3530571992110403,0.0,2.336903602726381
2018-04-01,2.713567839195985,1.837524177949712,2.283539486203612,2.6794258373205704,3.543307086614189,0.09765625,2.2286821705426396
2018-05-01,2.309236947791171,1.6393442622950838,4.697986577181212,2.385496183206115,2.731707317073173,-0.09746588693956282,2.3188405797101463
2018-06-01,2.01005025125629,1.8322082931533146,5.363984674329503,2.3809523809523725,2.44140625,-0.19474196689386325,2.3188405797101463
2018-07-01,2.31388329979878,1.8286814244465655,5.687203791469186,2.1842355175688555,3.03030303030305,-0.9737098344693274,2.3188405797101463
2018-08-01,2.412060301507535,1.8251681075888593,6.009389671361509,2.4691358024691468,3.613281249999978,-0.6796116504854344,2.4038461538461453
2018-09-01,1.495513459621134,1.9193857965451144,5.518553758325417,2.561669829221991,3.0038759689922534,-0.3883495145631133,2.2051773729625967
2018-10-01,0.8946322067594492,2.1093000958772867,5.338417540514762,2.2770398481973375,3.2786885245901454,0.0,2.2030651340996243
2018-11-01,0.5934718100890191,2.011494252873547,4.857142857142849,2.182163187855779,2.583732057416266,0.3910068426197455,2.1012416427889313
2018-12-01,0.6869479882237295,2.0095693779904167,3.2588454376163867,2.274881516587679,2.785782901056688,0.09775171065493637,2.0000000000000018
2019-01-01,0.8840864440078589,1.3384321223709472,3.1073446327683607,2.262016965127245,2.887391722810384,0.2932551319648091,1.81818181818183
2019-02-01,1.177625122669279,1.4340344168260133,2.9962546816479474,2.4482109227871973,3.1700288184438152,0.19474196689386325,1.8112488083889433
2019-03-01,0.8797653958944274,1.4326647564469885,3.1924882629108087,2.539981185324547,2.6717557251908275,0.5853658536585371,1.8078020932445371
2019-04-01,0.6849315068493178,2.279202279202286,4.558139534883732,2.423112767940361,1.520912547528508,0.8780487804878057,1.9905213270142053
2019-05-01,1.079489695780178,2.2770398481973375,2.6556776556776462,2.6095060577819185,1.8993352326685642,1.1707317073170742,1.8885741265344702
2019-06-01,1.6748768472906406,2.083333333333326,2.2727272727272707,2.6976744186046675,1.8112488083889433,0.9756097560975618,1.8885741265344702
2019-07-01,1.4749262536873253,1.9848771266540721,1.255605381165914,2.602230483271395,2.4667931688804545,1.6715830875122961,1.9830028328611915
2019-08-01,1.8645731108930308,1.8867924528301883,1.3286093888396744,2.409638554216853,1.1310084825636224,1.7595307917888547,1.6901408450704203
2019-09-01,1.6699410609037457,1.7890772128060117,0.5410279531109063,2.590194264569856,1.5051740357478804,1.7543859649122862,1.6885553470919357
2019-10-01,1.379310344827589,1.1267605633802802,0.7239819004524861,2.5974025974025983,1.1204481792717047,1.8536585365853675,1.4995313964386137
2019-11-01,2.0648967551622377,1.2206572769952961,0.8174386920980936,2.9712163416898862,1.4925373134328401,1.9474196689386547,1.4967259120673537
2019-12-01,1.6569200779727122,1.2195121951219523,0.7213706041478751,2.7803521779425466,1.4018691588784993,2.148437499999978,1.3071895424836555
2020-01-01,1.4605647517039966,1.8867924528301883,1.82648401826484,2.857142857142847,1.4031805425631427,2.3391812865497075,1.7857142857142794
2020-02-01,1.2609117361784827,1.790763430725728,1.8181818181818077,3.0330882352941124,1.303538175046537,2.3323615160349753,1.6853932584269593
2020-03-01,1.3565891472868241,1.6949152542372836,1.364877161055511,3.2110091743119185,1.2081784386617223,2.424830261881672,1.495327102803734
2020-04-01,1.4577259475218707,0.46425255338904403,-0.8896797153024938,2.2747952684258443,2.4344569288389684,1.3539651837524147,0.9293680297397744
2020-05-01,1.9417475728155331,0.4638218923933124,-1.605709188224802,0.7266121707538709,1.7707362534948867,1.1571841851494735,0.6487488415199083
2020-06-01,1.1627906976744207,0.5565862708719838,-1.5111111111111186,2.1739130434782483,2.528089887640461,1.449275362318847,0.8341056533827551
2020-07-01,0.8720930232558155,0.6487488415199083,-0.5314437555358764,3.170289855072461,2.5000000000000133,1.5473887814313247,1.1111111111111072
2020-08-01,0.3853564547206201,0.6481481481481532,-0.786713286713292,2.5339366515837014,2.7027027027026973,0.9606147934678289,0.4616805170821747
2020-09-01,0.0,0.647548566142464,1.076233183856501,2.1641118124436254,2.3169601482854407,0.766283524904221,0.7380073800737907
2020-10-01,0.5830903790087438,0.557103064066844,1.2578616352201255,2.169981916817365,1.939058171745156,0.8620689655172376,0.8310249307479367
2020-11-01,-0.4816955684007751,0.5565862708719838,0.9909909909909809,1.7132551848512145,1.7463235294117752,0.47755491881567025,0.5529953917050578
2020-12-01,-1.3422818791946178,0.6487488415199083,1.8800358102059045,1.1722272317403082,2.488479262672816,0.6692160611854625,0.8294930875575979
2021-01-01,-0.6717850287907945,0.6481481481481532,2.2421524663677195,1.2544802867383575,2.4907749077490715,0.4761904761904745,0.9233610341643494
2021-02-01,-0.5747126436781658,0.7407407407407307,2.589285714285716,0.4460303300624524,2.113970588235281,0.18993352326686086,0.7366482504604255
2021-03-01,-1.4340344168260022,0.8333333333333304,3.859964093357271,0.2666666666666595,2.203856749311295,0.18939393939394478,1.0128913443830712
2021-04-01,-0.47892720306513814,1.7560073937153309,5.0269299820466795,1.6014234875444844,0.6398537477148025,0.5725190839694694,1.6574585635359185
2021-05-01,-1.333333333333342,1.846722068328721,6.4369900271985525,2.795311091073027,2.0146520146520075,1.0486177311725298,2.20994475138121
2021-06-01,-0.5747126436781658,1.9372693726937174,7.400722021660644,1.5957446808510634,2.100456621004554,1.1428571428571566,2.389705882352944
2021-07-01,-0.6724303554274669,1.9337016574585641,7.925200356188777,0.9657594381035972,0.6323396567299078,0.952380952380949,2.0146520146520075
2021-08-01,0.38387715930900956,1.9319227230910618,8.105726872246688,1.4121800529567574,2.268602540834852,1.141769743101806,3.0330882352941124
2021-09-01,0.8695652173912993,2.0220588235294157,8.429458740017747,1.3239187996469504,2.6268115942028825,1.0456273764258395,2.930402930402942
2021-10-01,1.352657004830915,3.785780240073877,10.02661934338953,1.327433628318575,2.3550724637681153,1.4245014245014342,3.8461538461538547
2021-11-01,2.516940948693125,3.8745387453874347,12.578055307760927,1.507092198581561,3.2520325203251987,1.520912547528508,4.582951420714942
2021-12-01,4.231292517006802,3.958563535911619,12.159929701230233,2.360071301247779,3.051258992805761,1.6438746438746543,4.828153564899451
2022-01-01,4.347826086956519,4.1398344066237325,11.578947368421044,2.123893805309729,2.880288028802891,1.611374407582944,4.849039341262573
2022-02-01,5.009633911368017,4.2279411764706065,11.749347258485642,2.5754884547069423,4.680468046804687,1.7061611374407537,5.484460694698345
2022-03-01,6.013579049466533,4.499540863177209,13.65600691443387,2.482269503546086,5.031446540880502,1.7958412098298737,6.198723792160443
2022-04-01,6.737247353224252,8.628519527702094,13.675213675213671,2.1015761821365997,5.903723887375123,2.751423149905108,7.789855072463769
2022-05-01,8.68725868725868,8.79419764279239,14.054514480408864,1.7543859649122862,4.937163375224407,2.8301886792452935,7.837837837837847
2022-06-01,9.826589595375722,8.868778280542976,15.126050420168058,1.6579406631762605,4.740608228980325,3.1073446327683607,8.168761220825838
2022-07-01,12.765957446808507,9.12375790424571,15.09900990099009,1.304347826086949,5.565529622980248,3.9622641509434064,8.797127468581678
2022-08-01,13.097514340344162,9.205776173285196,12.306438467807656,2.610966057441244,5.323868677905952,4.609595484477902,8.652988403211426
2022-09-01,14.559386973180066,9.369369369369384,10.883797054009815,3.397212543554007,5.207413945278039,5.079962370649116,8.807829181494654
2022-10-01,16.301239275500468,11.654804270462638,9.354838709677416,4.1048034934497935,5.9292035398230025,5.149812734082393,9.611992945326264
2022-11-01,16.525023607176582,11.722912966252231,7.527733755942934,4.71615720524019,5.336832895888022,5.4307116104868935,9.377738825591585
2022-12-01,16.91871631827251,11.69275192871504,6.943073379401121,5.008358874338259,4.805703664272687,5.576888938718683,9.25864564622172
2023-01-01,16.759259259259252,11.837455830388688,3.380503144654079,6.412478336221827,5.074365704286965,5.876865671641784,8.900523560209429
2023-02-01,18.165137614678905,11.816578483245133,3.1152647975077885,6.926406926406936,4.1272570937231245,6.710158434296365,9.185441941074512
2023-03-01,19.12168344007319,11.687170474516684,0.9885931558935468,7.26643598615917,4.619332763045336,6.778087279480038,8.84120171673819
2023-04-01,19.116321009918824,7.274247491638808,1.6541353383458635,7.204116638078917,6.346483704974282,6.8328716528162525,7.815126050420185
2023-05-01,18.383658969804628,7.250000000000001,1.2696041822255255,8.448275862068954,6.8434559452523525,6.788990825688068,7.852965747702578
2023-06-01,17.36842105263159,7.31504571903574,-1.6788321167883313,8.240343347639477,6.83176771989753,6.4840182648401745,7.385892116182569
2023-07-01,14.837049742710139,5.3807947019867575,-2.1505376344086002,9.012875536480692,6.802721088435382,5.807622504537191,6.435643564356441
2023-08-01,13.609467455621305,5.61983471074381,-0.7256894049346929,8.56658184902459,5.981465880370673,5.305755395683454,6.239737274220047
2023-09-01,12.207357859531776,5.683690280065901,0.7380073800737907,8.424599831507983,6.2080536912751505,5.01342882721576,6.377759607522493
2023-10-01,10.163934426229515,1.912350597609569,0.4424778761061843,8.221476510067106,6.599832915622383,4.808548530721279,4.746580852775528
2023-11-01,9.238249594813608,1.9077901430842648,-1.3264554163596065,7.673060884070049,5.5647840531561465,4.440497335701599,4.166666666666674
2023-12-01,8.05422647527909,1.9825535289452745,-1.391941391941398,7.54560530679933,5.995004163197337,3.8053097345132736,4.150039904229841
2024-01-01,6.978588421887411,2.4486571879936747,-0.4562737642585524,7.003257328990231,5.911740216486261,4.317180616740091,4.166666666666674
2024-02-01,4.968944099378869,2.917981072555209,-0.3776435045317217,6.6396761133603155,5.615194054500416,3.406113537117905,3.809523809523818
2024-03-01,4.070660522273428,3.1471282454760052,-0.07530120481928915,6.693548387096793,5.560098119378565,3.2173913043478386,3.785488958990535
2024-04-01,2.8766086298259053,2.0265003897116163,-0.14792899408283544,6.800000000000006,4.677419354838719,3.3707865168539186,3.039750584567402
2024-05-01,1.7254313578394465,2.0979020979021046,0.2949852507374784,6.359300476947549,4.083266613290637,2.9209621993127044,2.7885360185902375
2024-06-01,1.4947683109117982,2.2463206816421444,0.7423904974016349,6.4234734337827115,4.076738609112707,2.7444253859348233,2.782071097372474
2024-07-01,1.4936519790888614,3.770620581303996,0.146520146520146,5.905511811023612,3.742038216560517,3.430531732418518,3.023255813953485
2024-08-01,1.3392857142856984,3.7558685446009266,1.1695906432748426,5.546874999999996,4.054054054054057,3.2450896669513396,3.091190108191655
2024-09-01,1.8628912071535053,3.8191738113795504,-2.344322344322336,5.205905205905226,3.949447077409163,3.239556692242118,2.613374327440443
2024-10-01,1.8601190476190466,5.551211884284601,-1.9823788546255439,5.581395348837193,3.0564263322883978,2.8887000849617595,3.149001536098317
2024-11-01,2.0029673590504338,5.850234009360378,-1.1202389843166571,5.577072037180497,3.6191974822973982,3.061224489795933,3.5384615384615348
2024-12-01,1.9926199261992572,5.987558320373254,-0.5943536404160343,5.551272166538168,3.377847604084838,3.4953111679454363,3.5249042145593767
2025-01-01,3.3358042994811044,5.628373168851208,1.680672268907557,5.022831050228316,3.7735849056603765,2.7027027027026973,3.923076923076918
2025-02-01,3.328402366863914,5.287356321839076,1.8195602729340399,5.087319665907386,3.3620015637216394,2.9560810810810745,3.66972477064218
2025-03-01,3.0258302583025865,5.034324942791768,1.2810851544838187,4.9886621315192725,2.323780015491872,3.0328559393428822,3.4194528875379993
2025-04-01,3.458425312729929,7.028265851795257,3.3333333333333437,4.344569288389533,3.081664098613257,2.5083612040133874,4.160363086232977
2025-05-01,4.424778761061954,6.925418569254171,0.7352941176470562,4.484304932735417,3.1538461538461515,2.7545909849749473,3.9939713639788987
2025-06-01,4.565537555228261,6.666666666666665,1.6949152542373058,4.396423248882275,3.3794162826420893,2.6711185308848195,4.060150375939853
2025-07-01,4.930095658572475,6.1317183951551835,3.218727139722022,3.4944237918215437,3.3768227168073484,2.1558872305140975,4.213694507148236
2025-08-01,5.139500734214386,6.03318250377074,2.3843930635838007,3.478904515173964,3.208556149732611,2.2332506203473823,4.122938530734643
